file,line,tag,text
src/__tests__/professional-onboarding-integration.test.tsx,49,button,""
src/__tests__/professional-onboarding-integration.test.tsx,73,button,""
src/__tests__/professional-onboarding-integration.test.tsx,74,button,""
src/__tests__/professional-onboarding-integration.test.tsx,336,button,""
src/app/consultations/page.tsx,176,button,""
src/app/consultations/page.tsx,224,button,""
src/app/consultations/page.tsx,240,button,""
src/app/consultations/page.tsx,252,button,""
src/components/__tests__/Button.test.tsx,7,button,""
src/components/__tests__/Button.test.tsx,13,button,""
src/components/__tests__/Button.test.tsx,20,button,""
src/components/__tests__/Button.test.tsx,26,button,""
src/components/__tests__/Button.test.tsx,29,button,""
src/components/acknowledgments/ProtectionAcknowledgment.tsx,53,button,""
src/components/AddLiabilityModal.tsx,113,select,""
src/components/AddLiabilityModal.tsx,135,input,""
src/components/AddLiabilityModal.tsx,148,input,""
src/components/AddLiabilityModal.tsx,161,select,""
src/components/AddLiabilityModal.tsx,185,textarea,""
src/components/AddLiabilityModal.tsx,195,button,""
src/components/AddLiabilityModal.tsx,198,button,""
src/components/admin/UXMetricsDashboard.tsx,165,button,""
src/components/admin/UXMetricsDashboard.tsx,178,button,""
src/components/admin/UXMetricsDashboard.tsx,389,button,""
src/components/admin/UXMetricsDashboard.tsx,392,button,""
src/components/admin/UXMetricsDashboard.tsx,395,button,""
src/components/admin/UXMetricsDashboard.tsx,398,button,""
src/components/ai/DocumentUploadExample.tsx,93,input,""
src/components/ai/DocumentUploadExample.tsx,129,button,""
src/components/alerts/AlertCenter.tsx,338,button,""
src/components/alerts/AlertCenter.tsx,353,button,""
src/components/alerts/AlertCenter.tsx,365,button,""
src/components/alerts/AlertCenter.tsx,378,button,""
src/components/alerts/AlertCenter.tsx,414,button,""
src/components/analytics/AnalyticsDashboard.tsx,241,select,""
src/components/analytics/AnalyticsDashboard.tsx,260,button,""
src/components/analytics/AnalyticsDashboard.tsx,420,button,""
src/components/analytics/AnalyticsDashboard.tsx,447,button,""
src/components/analytics/AnalyticsDashboard.tsx,615,button,""
src/components/analytics/AnalyticsDemo.tsx,162,button,""
src/components/analytics/AnalyticsDemo.tsx,176,button,""
src/components/analytics/AnalyticsDemo.tsx,181,button,""
src/components/analytics/AnalyticsDemo.tsx,190,button,""
src/components/AnnualReview.tsx,87,button,""
src/components/AnnualReview.tsx,90,button,""
src/components/AnnualReview.tsx,155,button,""
src/components/AnnualReview.tsx,158,button,""
src/components/AnnualReview.tsx,221,button,""
src/components/AnnualReview.tsx,224,button,""
src/components/AnnualReview.tsx,287,button,""
src/components/AnnualReview.tsx,295,button,""
src/components/AnnualReview.tsx,358,button,""
src/components/AnnualReview.tsx,364,button,""
src/components/assets/AssetCard.tsx,147,button,""
src/components/assets/DynamicAssetForm.tsx,61,input,""
src/components/assets/DynamicAssetForm.tsx,73,input,""
src/components/assets/DynamicAssetForm.tsx,79,input,""
src/components/assets/DynamicAssetForm.tsx,90,input,""
src/components/assets/DynamicAssetForm.tsx,96,textarea,""
src/components/assets/DynamicAssetForm.tsx,107,input,""
src/components/assets/DynamicAssetForm.tsx,127,input,""
src/components/assets/DynamicAssetForm.tsx,136,input,""
src/components/assets/DynamicAssetForm.tsx,147,input,""
src/components/assets/DynamicAssetForm.tsx,158,textarea,""
src/components/assets/DynamicAssetForm.tsx,177,input,""
src/components/assets/DynamicAssetForm.tsx,188,select,""
src/components/assets/DynamicAssetForm.tsx,218,input,""
src/components/assets/DynamicAssetForm.tsx,227,input,""
src/components/assets/DynamicAssetForm.tsx,237,input,""
src/components/assets/DynamicAssetForm.tsx,251,input,""
src/components/assets/DynamicAssetForm.tsx,262,input,""
src/components/assets/DynamicAssetForm.tsx,273,select,""
src/components/assets/DynamicAssetForm.tsx,306,input,""
src/components/assets/DynamicAssetForm.tsx,316,input,""
src/components/assets/DynamicAssetForm.tsx,335,input,""
src/components/assets/DynamicAssetForm.tsx,346,select,""
src/components/assets/DynamicAssetForm.tsx,376,input,""
src/components/assets/DynamicAssetForm.tsx,387,input,""
src/components/assets/DynamicAssetForm.tsx,398,input,""
src/components/assets/DynamicAssetForm.tsx,418,input,""
src/components/assets/DynamicAssetForm.tsx,427,input,""
src/components/assets/DynamicAssetForm.tsx,431,input,""
src/components/assets/DynamicAssetForm.tsx,442,input,""
src/components/assets/DynamicAssetForm.tsx,451,textarea,""
src/components/assets/DynamicAssetForm.tsx,462,input,""
src/components/assets/DynamicAssetForm.tsx,481,input,""
src/components/assets/DynamicAssetForm.tsx,492,input,""
src/components/assets/DynamicAssetForm.tsx,503,textarea,""
src/components/assets/DynamicAssetForm.tsx,514,textarea,""
src/components/assets/DynamicAssetForm.tsx,525,input,""
src/components/assets/DynamicAssetForm.tsx,544,input,""
src/components/assets/DynamicAssetForm.tsx,555,input,""
src/components/assets/DynamicAssetForm.tsx,561,input,""
src/components/assets/DynamicAssetForm.tsx,567,input,""
src/components/assets/DynamicAssetForm.tsx,578,textarea,""
src/components/assets/DynamicAssetForm.tsx,589,textarea,""
src/components/assets/DynamicAssetForm.tsx,607,input,""
src/components/assets/DynamicAssetForm.tsx,618,input,""
src/components/assets/DynamicAssetForm.tsx,624,textarea,""
src/components/assets/DynamicAssetForm.tsx,636,textarea,""
src/components/assets/DynamicAssetForm.tsx,658,button,""
src/components/assets/DynamicAssetForm.tsx,661,button,""
src/components/assets/LifeInventoryAssistant.tsx,240,button,""
src/components/assistant/AssistantActions.tsx,102,button,""
src/components/assistant/AssistantMessage.tsx,86,button,""
src/components/assistant/EnhancedPersonalAssistant.tsx,416,button,""
src/components/assistant/EnhancedPersonalAssistant.tsx,482,button,""
src/components/assistant/EnhancedPersonalAssistant.tsx,493,button,""
src/components/assistant/PersonalAssistant.tsx,119,button,""
src/components/assistant/PersonalAssistant.tsx,130,button,""
src/components/auth/ProfessionalFlowManager.tsx,281,button,""
src/components/auth/ProfessionalFlowManager.tsx,289,button,""
src/components/auth/ProfessionalFlowManager.tsx,330,button,""
src/components/auth/ProfessionalFlowManager.tsx,411,button,""
src/components/auth/ProfessionalFlowManager.tsx,421,button,""
src/components/auth/ProfessionalFlowManager.tsx,432,button,""
src/components/auth/ProtectedRoute.tsx,89,a,""
src/components/BeneficiaryCommunicationLog.tsx,189,button,""
src/components/BeneficiaryCommunicationLog.tsx,209,input,""
src/components/BeneficiaryCommunicationLog.tsx,225,input,""
src/components/BeneficiaryCommunicationLog.tsx,244,select,""
src/components/BeneficiaryCommunicationLog.tsx,280,input,""
src/components/BeneficiaryCommunicationLog.tsx,299,input,""
src/components/BeneficiaryCommunicationLog.tsx,316,textarea,""
src/components/BeneficiaryCommunicationLog.tsx,331,button,""
src/components/BeneficiaryCommunicationLog.tsx,338,button,""
src/components/common/CountryLanguageSelector.tsx,124,button,""
src/components/common/CountrySelector.tsx,49,button,""
src/components/common/CountrySelector.tsx,69,input,""
src/components/common/ErrorBoundary.tsx,64,button,""
src/components/common/ErrorBoundary.tsx,73,button,""
src/components/common/ErrorBoundary.tsx,78,button,""
src/components/common/ErrorBoundary.tsx,88,button,""
src/components/common/ErrorBoundaryI18n.tsx,205,button,""
src/components/common/ErrorBoundaryI18n.tsx,209,button,""
src/components/common/ErrorBoundaryI18n.tsx,213,button,""
src/components/common/ErrorBoundaryI18n.tsx,225,button,""
src/components/common/ErrorRecovery.tsx,58,button,""
src/components/common/ErrorRecovery.tsx,65,button,""
src/components/common/ErrorRecovery.tsx,76,button,""
src/components/common/FormErrorBoundary.tsx,71,button,""
src/components/common/LanguageSelector.tsx,76,button,""
src/components/common/PublicFooter.tsx,33,a,""
src/components/common/RetryStatus.tsx,63,button,""
src/components/common/RetryStatus.tsx,84,button,""
src/components/common/RouteErrorBoundary.tsx,78,button,""
src/components/common/RouteErrorBoundary.tsx,82,button,""
src/components/common/ThemeToggle.tsx,21,button,""
src/components/ComplexityReduction.tsx,288,button,""
src/components/ComplexityReduction.tsx,291,button,""
src/components/ComplexityReduction.tsx,294,button,""
src/components/ComplexityReduction.tsx,298,button,""
src/components/ComplexityReduction.tsx,305,button,""
src/components/ComplexityReduction.tsx,313,button,""
src/components/CreateTimeCapsuleModal.tsx,308,input,""
src/components/CreateTimeCapsuleModal.tsx,437,button,""
src/components/CreateTimeCapsuleModal.tsx,468,textarea,""
src/components/CreateTimeCapsuleModal.tsx,510,button,""
src/components/CreateTimeCapsuleModal.tsx,530,button,""
src/components/CreateTimeCapsuleModal.tsx,556,input,""
src/components/CreateTimeCapsuleModal.tsx,581,button,""
src/components/CreateTimeCapsuleModal.tsx,589,button,""
src/components/cultural/CulturalAdaptation.tsx,380,button,""
src/components/cultural/CulturalAdaptation.tsx,383,button,""
src/components/dashboard/AssetForm.tsx,81,input,""
src/components/dashboard/AssetForm.tsx,94,input,""
src/components/dashboard/AssetForm.tsx,103,button,""
src/components/dashboard/AssetForm.tsx,110,button,""
src/components/dashboard/BeneficiaryForm.tsx,88,input,""
src/components/dashboard/BeneficiaryForm.tsx,101,input,""
src/components/dashboard/BeneficiaryForm.tsx,113,button,""
src/components/dashboard/BeneficiaryForm.tsx,120,button,""
src/components/dashboard/ContextHelp.tsx,213,button,""
src/components/dashboard/ContextHelp.tsx,370,button,""
src/components/dashboard/ContextHelp.tsx,382,button,""
src/components/dashboard/DocumentCard.tsx,180,button,""
src/components/dashboard/DocumentCard.tsx,188,button,""
src/components/dashboard/DocumentCard.tsx,220,a,""
src/components/dashboard/DocumentCard.tsx,231,a,""
src/components/dashboard/DocumentUpload.tsx,397,button,""
src/components/dashboard/DocumentUpload.tsx,405,input,""
src/components/dashboard/DocumentUpload.tsx,422,select,""
src/components/dashboard/DocumentUpload.tsx,438,select,""
src/components/dashboard/DocumentUpload.tsx,461,button,""
src/components/dashboard/DocumentUpload.tsx,509,button,""
src/components/dashboard/DocumentUpload.tsx,512,button,""
src/components/dashboard/DocumentUpload.tsx,525,button,""
src/components/dashboard/DocumentUpload.tsx,549,input,""
src/components/dashboard/DocumentUpload.tsx,567,button,""
src/components/dashboard/DocumentUpload.tsx,589,button,""
src/components/dashboard/EnhancedProgressTracking.tsx,339,button,""
src/components/dashboard/FamilyGuide.tsx,215,button,""
src/components/dashboard/FamilyGuide.tsx,229,button,""
src/components/dashboard/FamilyGuide.tsx,335,button,""
src/components/dashboard/FamilyGuide.tsx,339,button,""
src/components/dashboard/FirstTimeUserGuide.tsx,151,button,""
src/components/dashboard/FirstTimeUserGuide.tsx,205,button,""
src/components/dashboard/FirstTimeUserGuide.tsx,215,button,""
src/components/dashboard/FirstTimeUserGuide.tsx,223,button,""
src/components/dashboard/GuardianCard.tsx,84,button,""
src/components/dashboard/GuardianCard.tsx,92,button,""
src/components/dashboard/GuardianCard.tsx,159,button,""
src/components/dashboard/GuardianCard.tsx,189,button,""
src/components/dashboard/GuardianUpload.tsx,231,input,""
src/components/dashboard/GuardianUpload.tsx,247,select,""
src/components/dashboard/GuardianUpload.tsx,278,select,""
src/components/dashboard/GuardianUpload.tsx,339,input,""
src/components/dashboard/GuardianUpload.tsx,354,input,""
src/components/dashboard/GuardianUpload.tsx,367,button,""
src/components/dashboard/GuardianUpload.tsx,374,button,""
src/components/dashboard/NextStepRecommendations.tsx,296,button,""
src/components/dashboard/PersonalizedDashboardContent.tsx,377,button,""
src/components/dashboard/PersonalizedDashboardContent.tsx,498,button,""
src/components/dashboard/PersonalizedDashboardContent.tsx,519,button,""
src/components/dashboard/PersonalizedDashboardContent.tsx,525,button,""
src/components/dashboard/ProfessionalDashboard.tsx,290,button,""
src/components/dashboard/ProfessionalDashboard.tsx,370,button,""
src/components/dashboard/ProfessionalProgress.tsx,292,button,""
src/components/dashboard/ProfessionalProgress.tsx,476,button,""
src/components/dashboard/ProfessionalProgress.tsx,493,button,""
src/components/dashboard/ProfessionalProgress.tsx,536,button,""
src/components/dashboard/ProfessionalProgress.tsx,581,button,""
src/components/dashboard/ProfessionalProgress.tsx,626,button,""
src/components/dashboard/ProfessionalProgress.tsx,701,button,""
src/components/dashboard/ProgressNudge.tsx,116,button,""
src/components/dashboard/QuickTasks.tsx,344,button,""
src/components/dashboard/QuickTasks.tsx,401,button,""
src/components/dashboard/QuickTasks.tsx,452,button,""
src/components/dashboard/QuickTasks.tsx,466,button,""
src/components/dashboard/StrategicSummary.tsx,349,button,""
src/components/dashboard/TaskCard.tsx,63,button,""
src/components/dashboard/TaskCard.tsx,103,button,""
src/components/DataTransparency.tsx,197,button,""
src/components/debug/ErrorDebugPanel.tsx,137,button,""
src/components/debug/ErrorDebugPanel.tsx,179,button,""
src/components/debug/ErrorDebugPanel.tsx,248,button,""
src/components/debug/ErrorDebugPanel.tsx,289,button,""
src/components/debug/ErrorDebugPanel.tsx,321,button,""
src/components/debug/ErrorDebugPanel.tsx,381,button,""
src/components/debug/FeatureFlagPanel.tsx,37,button,""
src/components/debug/FeatureFlagPanel.tsx,66,button,""
src/components/DocumentConfirmation.tsx,72,select,""
src/components/DocumentConfirmation.tsx,87,input,""
src/components/DocumentConfirmation.tsx,103,select,""
src/components/DocumentConfirmation.tsx,123,select,""
src/components/DocumentConfirmation.tsx,139,select,""
src/components/DocumentConfirmation.tsx,160,button,""
src/components/documents/DocumentEditModal.tsx,262,input,""
src/components/documents/DocumentEditModal.tsx,275,textarea,""
src/components/documents/DocumentEditModal.tsx,288,select,""
src/components/documents/DocumentEditModal.tsx,306,input,""
src/components/documents/DocumentEditModal.tsx,317,input,""
src/components/documents/DocumentEditModal.tsx,325,button,""
src/components/documents/DocumentEditModal.tsx,360,input,""
src/components/documents/DocumentEditModal.tsx,372,select,""
src/components/documents/DocumentEditModal.tsx,400,input,""
src/components/documents/DocumentEditModal.tsx,412,input,""
src/components/documents/DocumentEditModal.tsx,425,input,""
src/components/documents/DocumentEditModal.tsx,438,input,""
src/components/documents/DocumentEditModal.tsx,450,input,""
src/components/documents/DocumentEditModal.tsx,462,input,""
src/components/documents/DocumentEditModal.tsx,485,select,""
src/components/documents/DocumentEditModal.tsx,515,input,""
src/components/documents/DocumentEditModal.tsx,543,input,""
src/components/documents/DocumentEditModal.tsx,558,input,""
src/components/documents/DocumentEditModal.tsx,573,input,""
src/components/documents/DocumentEditModal.tsx,588,input,""
src/components/documents/DocumentEditModal.tsx,606,button,""
src/components/documents/DocumentEditModal.tsx,609,button,""
src/components/DocumentUploader.tsx,168,input,""
src/components/DocumentUploader.tsx,288,button,""
src/components/DocumentUploader.tsx,291,button,""
src/components/DocumentUploadFlow.tsx,474,button,""
src/components/DocumentUploadFlow.tsx,497,input,""
src/components/DocumentUploadFlow.tsx,693,button,""
src/components/DocumentUploadFlow.tsx,696,button,""
src/components/DocumentUploadFlow.tsx,710,button,""
src/components/EditStoryModal.tsx,93,textarea,""
src/components/EditStoryModal.tsx,126,button,""
src/components/EditStoryModal.tsx,129,button,""
src/components/emails/EmailTemplate.tsx,70,a,""
src/components/emails/EmailTemplate.tsx,92,a,""
src/components/emails/EmailTemplate.tsx,115,a,""
src/components/emails/EmailTemplate.tsx,144,a,""
src/components/emails/EmailTemplate.tsx,178,a,""
src/components/emails/EmailTemplate.tsx,215,a,""
src/components/emails/EmailTemplate.tsx,242,a,""
src/components/emails/EmailTemplate.tsx,285,a,""
src/components/emails/EmailTemplate.tsx,341,a,""
src/components/emergency/EmergencyContacts.tsx,302,button,""
src/components/emergency/EmergencyContacts.tsx,363,button,""
src/components/emergency/EmergencyContacts.tsx,378,a,""
src/components/emergency/EmergencyContacts.tsx,389,a,""
src/components/emergency/EmergencyContacts.tsx,401,button,""
src/components/emergency/EmergencyContacts.tsx,465,select,""
src/components/emergency/EmergencyContacts.tsx,498,select,""
src/components/emergency/EmergencyContacts.tsx,531,button,""
src/components/emergency/EmergencyContacts.tsx,534,button,""
src/components/emergency/EmergencyProtocolConfig.tsx,249,select,""
src/components/emergency/EmergencyProtocolConfig.tsx,303,select,""
src/components/emergency/EmergencyProtocolConfig.tsx,327,select,""
src/components/emergency/EmergencyProtocolConfig.tsx,366,button,""
src/components/emotional/OverwhelmSupport.tsx,16,button,""
src/components/emotional/OverwhelmSupport.tsx,17,button,""
src/components/emotional/OverwhelmSupport.tsx,18,button,""
src/components/emotional/ProcrastinationSupport.tsx,20,button,""
src/components/errors/EmotionalRecoverySupport.tsx,64,button,""
src/components/errors/EmotionalRecoverySupport.tsx,71,button,""
src/components/errors/EmpatheticErrorBoundary.tsx,41,button,""
src/components/errors/EmpatheticErrorBoundary.tsx,49,button,""
src/components/errors/EmpatheticErrorBoundary.tsx,58,button,""
src/components/errors/ProgressiveErrorRecovery.tsx,159,button,""
src/components/examples/EmpatheticFormExample.tsx,74,input,""
src/components/examples/EmpatheticFormExample.tsx,93,input,""
src/components/examples/EmpatheticFormExample.tsx,113,input,""
src/components/examples/EmpatheticFormExample.tsx,132,input,""
src/components/examples/EmpatheticFormExample.tsx,159,button,""
src/components/examples/TranslationExample.tsx,39,button,""
src/components/examples/TranslationExample.tsx,40,button,""
src/components/examples/TranslationExample.tsx,75,button,""
src/components/examples/TranslationExample.tsx,76,button,""
src/components/examples/TranslationExample.tsx,119,button,""
src/components/examples/TranslationExample.tsx,120,button,""
src/components/examples/TranslationExample.tsx,150,button,""
src/components/examples/TranslationExample.tsx,151,button,""
src/components/examples/TranslationExample.tsx,154,button,""
src/components/ExecutorDashboard.tsx,223,button,""
src/components/ExecutorDashboard.tsx,244,button,""
src/components/ExecutorDashboard.tsx,260,button,""
src/components/ExecutorDashboard.tsx,342,button,""
src/components/ExecutorManagement.tsx,189,input,""
src/components/ExecutorManagement.tsx,202,select,""
src/components/ExecutorManagement.tsx,225,button,""
src/components/ExecutorManagement.tsx,267,button,""
src/components/ExecutorStatusReporting.tsx,193,button,""
src/components/ExecutorStatusReporting.tsx,210,select,""
src/components/ExecutorStatusReporting.tsx,237,textarea,""
src/components/ExecutorStatusReporting.tsx,254,button,""
src/components/ExecutorStatusReporting.tsx,261,button,""
src/components/family/FamilySituationDashboard.tsx,487,button,""
src/components/family/SingleParentSupport.tsx,154,button,""
src/components/family/SingleParentSupport.tsx,167,button,""
src/components/family/SingleParentSupport.tsx,352,button,""
src/components/family/SingleParentSupport.tsx,439,input,""
src/components/family/SingleParentSupport.tsx,445,input,""
src/components/family/SingleParentSupport.tsx,454,input,""
src/components/family/SingleParentSupport.tsx,461,input,""
src/components/family/SingleParentSupport.tsx,471,button,""
src/components/family/SingleParentSupport.tsx,474,button,""
src/components/family/SingleParentSupport.tsx,477,button,""
src/components/family/SingleParentSupport.tsx,485,textarea,""
src/components/family/SingleParentSupport.tsx,493,button,""
src/components/family/SingleParentSupport.tsx,499,button,""
src/components/FamilyCrisisAssessment.tsx,456,button,""
src/components/FamilyCrisisAssessment.tsx,558,button,""
src/components/FamilyCrisisAssessment.tsx,579,button,""
src/components/FamilyCrisisAssessment.tsx,582,button,""
src/components/FamilyCrisisPrevention.tsx,395,button,""
src/components/FamilyPreparednessIndex.tsx,479,button,""
src/components/FamilyPreparednessIndex.tsx,552,button,""
src/components/FamilyPreparednessIndex.tsx,555,button,""
src/components/FamilyPreparednessTools.tsx,350,button,""
src/components/FamilyPreparednessTools.tsx,379,select,""
src/components/FamilyPreparednessTools.tsx,406,button,""
src/components/FamilyPreparednessTools.tsx,412,button,""
src/components/FamilyPreparednessTools.tsx,427,button,""
src/components/FamilyPreparednessTools.tsx,436,button,""
src/components/feedback/EmpathyFeedback.tsx,225,textarea,""
src/components/feedback/EmpathyFeedback.tsx,236,button,""
src/components/feedback/EmpathyFeedback.tsx,245,button,""
src/components/feedback/EmpathyFeedback.tsx,249,button,""
src/components/GenderAwareExample.tsx,64,select,""
src/components/guardian/GuardianPlaybook.tsx,327,button,""
src/components/guardian/GuardianPlaybook.tsx,389,button,""
src/components/guardian/GuardianPlaybook.tsx,413,textarea,""
src/components/guardian/GuardianPlaybook.tsx,436,button,""
src/components/guardian/GuardianPlaybook.tsx,462,textarea,""
src/components/guardian/GuardianPlaybook.tsx,488,button,""
src/components/guardian/GuardianPlaybook.tsx,521,a,""
src/components/guardian/GuardianPlaybook.tsx,532,a,""
src/components/guardian/GuardianPlaybook.tsx,565,button,""
src/components/guardian/GuardianPlaybook.tsx,579,input,""
src/components/guardian/GuardianPlaybook.tsx,599,input,""
src/components/guardian/GuardianPlaybook.tsx,619,input,""
src/components/guardian/GuardianPlaybook.tsx,639,input,""
src/components/guardian/GuardianPlaybook.tsx,661,textarea,""
src/components/guardian/GuardianPlaybook.tsx,682,button,""
src/components/guardian/GuardianPlaybook.tsx,703,button,""
src/components/guardian/GuardianPlaybook.tsx,727,textarea,""
src/components/guardian/GuardianPlaybook.tsx,750,button,""
src/components/guardian/GuardianPlaybook.tsx,774,textarea,""
src/components/guardian/GuardianPlaybook.tsx,797,button,""
src/components/guardian/GuardianPlaybook.tsx,821,textarea,""
src/components/guardian/GuardianPlaybook.tsx,841,button,""
src/components/guardian/GuardianPlaybook.tsx,844,button,""
src/components/guardian/TemplateModal.tsx,203,button,""
src/components/guardian/TemplateModal.tsx,226,input,""
src/components/guardian/TemplateModal.tsx,262,button,""
src/components/guardian/TemplateModal.tsx,271,button,""
src/components/guardian/TemplateModal.tsx,289,button,""
src/components/guardian/TemplateModal.tsx,293,button,""
src/components/guardians/GuardianPlaybook.tsx,263,textarea,""
src/components/guardians/GuardianPlaybook.tsx,282,textarea,""
src/components/guardians/GuardianPlaybook.tsx,305,button,""
src/components/guardians/GuardianPlaybook.tsx,322,input,""
src/components/guardians/GuardianPlaybook.tsx,338,input,""
src/components/guardians/GuardianPlaybook.tsx,354,input,""
src/components/guardians/GuardianPlaybook.tsx,371,input,""
src/components/guardians/GuardianPlaybook.tsx,388,textarea,""
src/components/guardians/GuardianPlaybook.tsx,403,button,""
src/components/guardians/GuardianPlaybook.tsx,434,textarea,""
src/components/guardians/GuardianPlaybook.tsx,453,textarea,""
src/components/guardians/GuardianPlaybook.tsx,472,textarea,""
src/components/guardians/GuardianPlaybook.tsx,515,button,""
src/components/guardians/GuardianPlaybook.tsx,532,button,""
src/components/guardians/GuardianPlaybookView.tsx,228,a,""
src/components/guardians/GuardianPlaybookView.tsx,237,a,""
src/components/JustInTimeAccess.tsx,161,input,""
src/components/JustInTimeAccess.tsx,168,button,""
src/components/JustInTimeAccess.tsx,190,button,""
src/components/JustInTimeAccess.tsx,221,input,""
src/components/JustInTimeAccess.tsx,239,button,""
src/components/JustInTimeAccess.tsx,242,button,""
src/components/JustInTimeAccess.tsx,313,button,""
src/components/landing/FamilyPreparednessCalculator.tsx,136,input,""
src/components/landing/FamilyPreparednessCalculator.tsx,161,input,""
src/components/landing/FamilyPreparednessCalculator.tsx,219,input,""
src/components/landing/FamilyPreparednessCalculator.tsx,234,button,""
src/components/landing/FamilyPreparednessCalculator.tsx,404,button,""
src/components/landing/FamilyPreparednessCalculator.tsx,410,a,""
src/components/landing/FamilyPreparednessCalculator.tsx,418,button,""
src/components/landing/FamilyTestimonials.tsx,260,button,""
src/components/landing/FamilyTestimonials.tsx,268,button,""
src/components/landing/FamilyTestimonials.tsx,280,button,""
src/components/landing/PricingSection.tsx,146,a,""
src/components/landing/PricingSection.tsx,147,button,""
src/components/landing/PricingSection.tsx,158,button,""
src/components/landing/PricingSection.tsx,167,button,""
src/components/landing/RespectfulLanding.tsx,304,button,""
src/components/landing/ScenarioShowcase.tsx,158,button,""
src/components/landing/ScenarioShowcase.tsx,159,a,""
src/components/landing/ScenarioShowcase.tsx,164,button,""
src/components/landing/ScenarioShowcase.tsx,165,a,""
src/components/LanguageSwitcher.tsx,28,select,""
src/components/layout/Header.tsx,65,button,""
src/components/layout/Header.tsx,70,button,""
src/components/layout/MarketingLayout.tsx,48,button,""
src/components/layout/MarketingLayout.tsx,53,button,""
src/components/layout/Sidebar.tsx,141,button,""
src/components/LegalConsultationModal.tsx,173,select,""
src/components/LegalConsultationModal.tsx,212,textarea,""
src/components/LegalConsultationModal.tsx,263,button,""
src/components/LegalConsultationModal.tsx,266,button,""
src/components/lifeEvents/LifeEventDashboard.tsx,231,button,""
src/components/lifeEvents/LifeEventDashboard.tsx,239,button,""
src/components/lifeEvents/LifeEventDashboard.tsx,248,button,""
src/components/lifeEvents/LifeEventDashboard.tsx,257,button,""
src/components/lifeEvents/LifeEventDashboard.tsx,360,button,""
src/components/lifeEvents/LifeEventDashboard.tsx,376,button,""
src/components/lifeEvents/LifeEventNotification.tsx,299,button,""
src/components/lifeEvents/LifeEventNotification.tsx,335,button,""
src/components/lifeEvents/LifeEventNotification.tsx,344,button,""
src/components/lifeEvents/LifeEventNotification.tsx,352,button,""
src/components/lifeEvents/LifeEventUpdateWorkflow.tsx,215,button,""
src/components/lifeEvents/LifeEventUpdateWorkflow.tsx,278,button,""
src/components/lifeEvents/LifeEventUpdateWorkflow.tsx,384,button,""
src/components/lifeEvents/LifeEventUpdateWorkflow.tsx,388,button,""
src/components/lifeEvents/LifeEventUpdateWorkflow.tsx,393,button,""
src/components/lifeEvents/LifeEventUpdateWorkflow.tsx,411,button,""
src/components/lifeEvents/LifeEventUpdateWorkflow.tsx,419,button,""
src/components/lifeEvents/LifeEventUpdateWorkflow.tsx,432,button,""
src/components/loading/EmpatheticButton.tsx,47,button,""
src/components/loading/EmpatheticError.tsx,51,button,""
src/components/loading/EmpatheticError.tsx,61,button,""
src/components/loading/EmpatheticLoadingExample.tsx,65,button,""
src/components/loading/EmpatheticLoadingExample.tsx,86,button,""
src/components/loading/EmpatheticLoadingExample.tsx,114,button,""
src/components/loading/EmpatheticLoadingExample.tsx,156,button,""
src/components/loading/EmpatheticLoadingExample.tsx,170,input,""
src/components/LocalPrivacyProtection.tsx,29,button,""
src/components/LocalPrivacyProtection.tsx,30,button,""
src/components/LocalPrivacyProtection.tsx,31,button,""
src/components/LocalProcessingIndicator.tsx,62,input,""
src/components/LogLifeEvent.tsx,136,button,""
src/components/LogLifeEvent.tsx,139,button,""
src/components/manual/ContactForm.tsx,47,input,""
src/components/manual/ContactForm.tsx,60,input,""
src/components/manual/ContactForm.tsx,73,input,""
src/components/manual/ContactForm.tsx,88,input,""
src/components/manual/ContactForm.tsx,102,textarea,""
src/components/manual/ContactForm.tsx,115,button,""
src/components/manual/ContactForm.tsx,124,button,""
src/components/MicroTaskGenerator.tsx,128,button,""
src/components/MicroTaskGenerator.tsx,133,button,""
src/components/MicroTaskGenerator.tsx,138,button,""
src/components/milestones/MilestoneCelebration.tsx,154,button,""
src/components/milestones/MilestoneCelebration.tsx,297,button,""
src/components/milestones/MilestoneCelebration.tsx,304,button,""
src/components/milestones/ProtectionMilestone.tsx,82,button,""
src/components/milestones/ProtectionMilestone.tsx,85,button,""
src/components/modals/CountryLanguageModal.tsx,191,select,""
src/components/modals/CountryLanguageModal.tsx,232,select,""
src/components/modals/CountryLanguageModal.tsx,310,button,""
src/components/modals/CountryLanguageModal.tsx,313,button,""
src/components/modals/RedirectSimulationModal.tsx,65,button,""
src/components/MyPossessions.tsx,202,button,""
src/components/MyPossessions.tsx,205,button,""
src/components/MyPossessions.tsx,209,button,""
src/components/MyPossessions.tsx,229,button,""
src/components/NotificationsBell.tsx,139,button,""
src/components/NotificationsBell.tsx,159,button,""
src/components/NotificationsBell.tsx,186,button,""
src/components/NotificationsBell.tsx,227,button,""
src/components/NotificationSettings.tsx,151,button,""
src/components/NotificationSettings.tsx,168,button,""
src/components/NotificationSettings.tsx,293,button,""
src/components/ocr/HybridDocumentProcessor.tsx,120,input,""
src/components/ocr/HybridDocumentProcessor.tsx,151,button,""
src/components/ocr/HybridDocumentProcessor.tsx,252,button,""
src/components/onboarding/BasicLifeQuestions.tsx,466,button,""
src/components/onboarding/BasicLifeQuestions.tsx,518,button,""
src/components/onboarding/BasicLifeQuestions.tsx,530,button,""
src/components/onboarding/EssentialQuestions.tsx,479,button,""
src/components/onboarding/EssentialQuestions.tsx,509,button,""
src/components/onboarding/EssentialQuestions.tsx,536,button,""
src/components/onboarding/EssentialQuestions.tsx,588,button,""
src/components/onboarding/EssentialQuestions.tsx,622,button,""
src/components/onboarding/FirstTimeUserGuide.tsx,189,button,""
src/components/onboarding/FirstTimeUserGuide.tsx,198,button,""
src/components/onboarding/FirstTimeUserGuide.tsx,206,button,""
src/components/onboarding/ImmediateValueUpload.tsx,421,button,""
src/components/onboarding/ImmediateValueUpload.tsx,463,input,""
src/components/onboarding/ImmediateValueUpload.tsx,635,input,""
src/components/onboarding/ImmediateValueUpload.tsx,647,button,""
src/components/onboarding/ImmediateValueUpload.tsx,666,button,""
src/components/onboarding/ImmediateValueUpload.tsx,716,button,""
src/components/onboarding/ImmediateValueUpload.tsx,736,button,""
src/components/onboarding/ImmediateValueUpload.tsx,748,button,""
src/components/onboarding/ImmediateValueUpload.tsx,755,button,""
src/components/onboarding/ImmediateValueUpload.tsx,774,button,""
src/components/onboarding/ImmediateValueUpload.tsx,783,button,""
src/components/onboarding/OnboardingWizard.tsx,500,button,""
src/components/onboarding/OnboardingWizard.tsx,517,button,""
src/components/onboarding/OnboardingWizard.tsx,534,button,""
src/components/onboarding/OnboardingWizard.tsx,567,button,""
src/components/onboarding/OnboardingWizard.tsx,587,button,""
src/components/onboarding/OnboardingWizard.tsx,609,button,""
src/components/onboarding/OnboardingWizard.tsx,640,button,""
src/components/onboarding/OnboardingWizard.tsx,662,button,""
src/components/onboarding/OnboardingWizard.tsx,682,button,""
src/components/onboarding/OnboardingWizard.tsx,715,button,""
src/components/onboarding/OnboardingWizard.tsx,735,button,""
src/components/onboarding/OnboardingWizard.tsx,752,button,""
src/components/onboarding/OnboardingWizard.tsx,772,button,""
src/components/onboarding/OnboardingWizard.tsx,822,button,""
src/components/onboarding/OnboardingWizard.tsx,868,button,""
src/components/onboarding/OnboardingWizard.tsx,878,button,""
src/components/onboarding/OnboardingWizard.tsx,887,button,""
src/components/onboarding/RespectfulOnboarding.tsx,275,button,""
src/components/onboarding/RespectfulOnboarding.tsx,281,button,""
src/components/onboarding/RespectfulOnboarding.tsx,361,button,""
src/components/onboarding/RespectfulOnboarding.tsx,368,button,""
src/components/onboarding/RespectfulOnboarding.tsx,459,a,""
src/components/onboarding/RespectfulOnboarding.tsx,501,button,""
src/components/pricing/PricingPage.tsx,36,button,""
src/components/pricing/PricingPage.tsx,46,button,""
src/components/privacy/ConsentManager.tsx,365,button,""
src/components/privacy/ConsentManager.tsx,380,button,""
src/components/privacy/ConsentManager.tsx,383,button,""
src/components/privacy/ConsentManager.tsx,390,button,""
src/components/privacy/ConsentManager.tsx,400,a,""
src/components/privacy/ConsentManager.tsx,404,a,""
src/components/privacy/ConsentManager.tsx,468,button,""
src/components/privacy/ConsentManager.tsx,475,button,""
src/components/privacy/ConsentManager.tsx,626,button,""
src/components/PrivacyControlPanel.tsx,155,select,""
src/components/PrivacyControlPanel.tsx,219,button,""
src/components/professional/__tests__/ProfessionalUIComponents.edge-cases.test.tsx,530,button,""
src/components/professional/ProfessionalUIComponents.tsx,380,button,""
src/components/professional/ProfessionalUIComponents.tsx,497,button,""
src/components/professional/ProfessionalUIComponents.tsx,682,button,""
src/components/professional/ProfessionalUIComponents.tsx,685,button,""
src/components/professional/ProfessionalUIComponents.tsx,746,button,""
src/components/progressive/ContextualFeatureIntroduction.tsx,146,button,""
src/components/progressive/ContextualFeatureIntroduction.tsx,187,button,""
src/components/progressive/ContextualFeatureIntroduction.tsx,190,button,""
src/components/progressive/ContextualFeatureIntroduction.tsx,219,button,""
src/components/progressive/ProgressiveDashboard.tsx,349,button,""
src/components/progressive/ProgressiveDashboardExample.tsx,100,button,""
src/components/progressive/ProgressiveDashboardExample.tsx,111,button,""
src/components/progressive/ProgressiveDashboardExample.tsx,122,button,""
src/components/progressive/ProgressiveDashboardExample.tsx,133,button,""
src/components/progressive/ProgressiveDashboardExample.tsx,146,button,""
src/components/progressive/ProgressiveDisclosureWidget.tsx,117,button,""
src/components/progressive/ProgressiveDisclosureWidget.tsx,277,button,""
src/components/progressive/ProgressiveDisclosureWidget.tsx,285,button,""
src/components/progressive/ProgressiveDisclosureWidget.tsx,288,button,""
src/components/progressive/ProtectionProgressDashboard.tsx,227,button,""
src/components/progressive/ProtectionProgressExample.tsx,152,button,""
src/components/progressive/ProtectionProgressExample.tsx,162,button,""
src/components/PWAInstallBanner.tsx,72,button,""
src/components/PWAInstallBanner.tsx,79,button,""
src/components/reminders/ReminderCard.tsx,88,button,""
src/components/reminders/ReminderCard.tsx,121,button,""
src/components/reminders/ReminderCard.tsx,129,button,""
src/components/reminders/ReminderDashboard.tsx,85,button,""
src/components/reminders/ReminderSettings.tsx,133,select,""
src/components/reminders/ReminderSettings.tsx,261,button,""
src/components/reminders/ReminderToast.tsx,61,button,""
src/components/reminders/ReminderToast.tsx,70,button,""
src/components/reminders/ReminderToast.tsx,79,button,""
src/components/ScenarioPlanner.tsx,371,button,""
src/components/ScenarioPlanner.tsx,388,button,""
src/components/ScenarioPlanner.tsx,555,button,""
src/components/ScenarioPlanner.tsx,591,button,""
src/components/ScenarioPlanner.tsx,594,button,""
src/components/settings/GenderPreferenceSettings.tsx,69,select,""
src/components/settings/GenderPreferenceSettings.tsx,138,button,""
src/components/sharing/SharedContentViewer.tsx,318,input,""
src/components/sharing/SharedContentViewer.tsx,331,button,""
src/components/sharing/ShareModal.tsx,143,select,""
src/components/sharing/ShareModal.tsx,166,input,""
src/components/sharing/ShareModal.tsx,172,button,""
src/components/sharing/ShareModal.tsx,193,input,""
src/components/sharing/ShareModal.tsx,224,input,""
src/components/sharing/ShareModal.tsx,231,button,""
src/components/sharing/ShareModal.tsx,253,input,""
src/components/sharing/ShareModal.tsx,258,button,""
src/components/sharing/ShareModal.tsx,284,button,""
src/components/sharing/ShareModal.tsx,303,button,""
src/components/sharing/ShareModal.tsx,313,button,""
src/components/suggestions/SmartSuggestionCard.tsx,90,button,""
src/components/suggestions/SmartSuggestionCard.tsx,99,button,""
src/components/suggestions/SmartSuggestionCard.tsx,105,button,""
src/components/suggestions/SmartSuggestionsDashboard.tsx,161,button,""
src/components/suggestions/SmartSuggestionsDashboard.tsx,171,button,""
src/components/templates/ComponentTemplate.tsx,187,button,""
src/components/templates/ComponentTemplate.tsx,202,button,""
src/components/test/ErrorTest.tsx,47,button,""
src/components/test/ErrorTest.tsx,51,button,""
src/components/test/ErrorTest.tsx,55,button,""
src/components/test/ErrorTest.tsx,59,button,""
src/components/test/ErrorTest.tsx,63,button,""
src/components/ui/carousel.tsx,204,button,""
src/components/ui/carousel.tsx,234,button,""
src/components/ui/input.tsx,8,input,""
src/components/ui/LoadingStates.tsx,199,button,""
src/components/ui/pagination.tsx,50,a,""
src/components/ui/sidebar.tsx,277,button,""
src/components/ui/sidebar.tsx,348,input,""
src/components/ui/textarea.tsx,10,textarea,""
src/components/UpgradeCard.tsx,41,button,""
src/components/upload/DocumentPreview.tsx,195,button,""
src/components/upload/DocumentPreview.tsx,207,button,""
src/components/upload/DocumentPreview.tsx,219,button,""
src/components/upload/DocumentPreview.tsx,231,button,""
src/components/upload/SmartUploadZone.tsx,201,button,""
src/components/upload/SmartUploadZone.tsx,207,button,""
src/components/upload/UploadProgress.tsx,101,button,""
src/components/upload/UploadProgress.tsx,112,button,""
src/components/upload/UploadProgress.tsx,206,button,""
src/components/VisualConnectionSystem.tsx,74,button,""
src/components/WhatIfScenarios.tsx,162,button,""
src/components/WhatIfScenarios.tsx,163,button,""
src/components/WillGenerator.tsx,294,button,""
src/components/WillGenerator.tsx,297,button,""
src/components/WillGenerator.tsx,301,select,""
src/components/WillGenerator.tsx,329,input,""
src/components/WillGenerator.tsx,338,button,""
src/components/WillGenerator.tsx,368,button,""
src/components/willSync/WillSyncNotification.tsx,110,button,""
src/components/willSync/WillSyncNotification.tsx,130,button,""
src/components/willSync/WillSyncNotification.tsx,134,button,""
src/components/willSync/WillSyncNotification.tsx,142,button,""
src/components/willSync/WillSyncSettings.tsx,103,select,""
src/components/willSync/WillSyncSettings.tsx,161,button,""
src/components/willSync/WillVersionHistory.tsx,130,button,""
src/components/willSync/WillVersionHistory.tsx,192,button,""
src/components/willSync/WillVersionHistory.tsx,205,button,""
src/features/assets-vault/components/AssetDetail.tsx,315,button,""
src/features/assets-vault/components/AssetDetail.tsx,353,button,""
src/features/assets-vault/components/AssetDetail.tsx,367,button,""
src/features/assets-vault/components/AssetDetail.tsx,391,input,""
src/features/assets-vault/components/AssetDetail.tsx,406,select,""
src/features/assets-vault/components/AssetDetail.tsx,446,textarea,""
src/features/assets-vault/components/AssetDetail.tsx,467,input,""
src/features/assets-vault/components/AssetDetail.tsx,495,select,""
src/features/assets-vault/components/AssetDetail.tsx,523,input,""
src/features/assets-vault/components/AssetDetail.tsx,542,input,""
src/features/assets-vault/components/AssetDetail.tsx,562,textarea,""
src/features/assets-vault/components/AssetDetail.tsx,592,input,""
src/features/assets-vault/components/AssetDetail.tsx,611,select,""
src/features/assets-vault/components/AssetDetail.tsx,637,button,""
src/features/assets-vault/components/AssetDetail.tsx,644,button,""
src/features/assets-vault/components/AssetDetail.tsx,670,button,""
src/features/assets-vault/components/AssetFileUpload.tsx,221,button,""
src/features/assets-vault/components/AssetFileUpload.tsx,240,input,""
src/features/assets-vault/components/AssetFileUpload.tsx,285,input,""
src/features/assets-vault/components/AssetFileUpload.tsx,293,button,""
src/features/assets-vault/components/AssetFileUpload.tsx,347,button,""
src/features/assets-vault/components/AssetFileUpload.tsx,377,button,""
src/features/assets-vault/components/AssetFileUpload.tsx,381,button,""
src/features/assets-vault/components/AssetForm.tsx,132,input,""
src/features/assets-vault/components/AssetForm.tsx,142,button,""
src/features/assets-vault/components/AssetForm.tsx,149,button,""
src/features/assets-vault/components/AssetOverview.tsx,301,button,""
src/features/assets-vault/components/VaultDashboard.tsx,313,input,""
src/features/assets-vault/components/VaultDashboard.tsx,321,button,""
src/features/assets-vault/components/VaultDashboard.tsx,447,button,""
src/features/dashboard/components/Dashboard.tsx,320,button,""
src/features/dashboard/components/Dashboard.tsx,403,button,""
src/features/dashboard/components/Dashboard.tsx,485,button,""
src/features/dashboard/components/Dashboard.tsx,576,button,""
src/features/dashboard/components/ProfessionalDashboardIntegration.tsx,437,button,""
src/features/dashboard/components/ProfessionalDashboardIntegration.tsx,456,button,""
src/features/dashboard/components/ProfessionalDashboardIntegration.tsx,494,button,""
src/features/dashboard/components/ProfessionalDashboardIntegration.tsx,524,button,""
src/features/family-circle/components/BeneficiariesForm.tsx,98,input,""
src/features/family-circle/components/BeneficiariesForm.tsx,111,input,""
src/features/family-circle/components/BeneficiariesForm.tsx,126,button,""
src/features/family-circle/components/BeneficiariesForm.tsx,131,button,""
src/features/family-circle/components/BeneficiariesForm.tsx,189,input,""
src/features/family-circle/components/BeneficiariesForm.tsx,225,input,""
src/features/family-circle/components/BeneficiariesForm.tsx,261,button,""
src/features/family-circle/components/BeneficiariesForm.tsx,274,button,""
src/features/family-circle/components/FamilyHub.tsx,347,button,""
src/features/family-circle/components/FamilyHub.tsx,432,select,""
src/features/family-circle/components/FamilyHub.tsx,532,button,""
src/features/family-circle/components/FamilyHub.tsx,560,button,""
src/features/family-circle/components/TrustedCircle.tsx,328,button,""
src/features/family-circle/components/TrustedCircle.tsx,348,button,""
src/features/legacy-briefing/components/LegacyBriefing.tsx,203,button,""
src/features/legacy-briefing/components/LegacyBriefing.tsx,231,button,""
src/features/legacy-briefing/components/LegacyBriefing.tsx,318,button,""
src/features/legacy-briefing/components/LegacyBriefing.tsx,330,button,""
src/features/legacy-briefing/components/LegacyLetters.tsx,210,button,""
src/features/legacy-briefing/components/LegacyLetters.tsx,238,button,""
src/features/legacy-briefing/components/LegacyLetters.tsx,323,button,""
src/features/legacy-briefing/components/LegacyLetters.tsx,335,button,""
src/features/subscriptions/components/SubscriptionDashboard.tsx,236,button,""
src/features/subscriptions/components/SubscriptionDashboard.tsx,443,button,""
src/features/subscriptions/components/SubscriptionDashboard.tsx,447,button,""
src/features/time-capsule/components/VideoRecorder.tsx,227,button,""
src/features/time-capsule/components/VideoRecorder.tsx,293,button,""
src/features/time-capsule/components/VideoRecorder.tsx,302,button,""
src/features/time-capsule/components/VideoRecorder.tsx,314,button,""
src/features/time-capsule/components/VideoRecorder.tsx,323,button,""
src/features/will-generator/components/AssetAllocationWizard.tsx,134,input,""
src/features/will-generator/components/AssetAllocationWizard.tsx,151,input,""
src/features/will-generator/components/AssetAllocationWizard.tsx,184,input,""
src/features/will-generator/components/AssetAllocationWizard.tsx,205,button,""
src/features/will-generator/components/AssetAllocationWizard.tsx,221,button,""
src/features/will-generator/components/BeneficiariesForm.tsx,74,input,""
src/features/will-generator/components/BeneficiariesForm.tsx,92,input,""
src/features/will-generator/components/CountrySelector.tsx,172,select,""
src/features/will-generator/components/CountrySelector.tsx,268,select,""
src/features/will-generator/components/CountrySelector.tsx,302,input,""
src/features/will-generator/components/CountrySelector.tsx,316,input,""
src/features/will-generator/components/CountrySelector.tsx,331,input,""
src/features/will-generator/components/ExecutorSelector.tsx,80,input,""
src/features/will-generator/components/ExecutorSelector.tsx,100,input,""
src/features/will-generator/components/ExecutorSelector.tsx,115,textarea,""
src/features/will-generator/components/ExecutorSelector.tsx,130,input,""
src/features/will-generator/components/ExecutorSelector.tsx,177,input,""
src/features/will-generator/components/ExecutorSelector.tsx,191,input,""
src/features/will-generator/components/ExecutorSelector.tsx,206,textarea,""
src/features/will-generator/components/ExecutorSelector.tsx,221,input,""
src/features/will-generator/components/WillForm.tsx,95,select,""
src/features/will-generator/components/WillForm.tsx,128,input,""
src/features/will-generator/components/WillForm.tsx,147,select,""
src/features/will-generator/components/WillForm.tsx,185,textarea,""
src/features/will-generator/components/WillForm.tsx,200,button,""
src/features/will-generator/components/WillForm.tsx,209,button,""
src/features/will-generator/components/WillGenerator.tsx,381,button,""
src/features/will-generator/components/WillGenerator.tsx,391,button,""
src/features/will-generator/components/WillGenerator.tsx,393,button,""
src/features/will-generator/components/WillPreview.tsx,300,button,""
src/features/will-generator/components/WillPreview.tsx,313,button,""
src/features/will-generator/components/WillPreview.tsx,317,button,""
src/pages/AIDemo.tsx,135,button,""
src/pages/AIDemo.tsx,212,button,""
src/pages/AIDemo.tsx,261,button,""
src/pages/AIDemo.tsx,272,button,""
src/pages/AIDemo.tsx,283,button,""
src/pages/AIDemo.tsx,294,button,""
src/pages/Analytics.tsx,79,button,""
src/pages/Analytics.tsx,80,a,""
src/pages/Analytics.tsx,84,button,""
src/pages/Analytics.tsx,85,a,""
src/pages/CookiePolicy.tsx,134,button,""
src/pages/CookiePolicy.tsx,286,a,""
src/pages/GuardianView.tsx,494,button,""
src/pages/GuardianView.tsx,518,textarea,""
src/pages/GuardianView.tsx,547,button,""
src/pages/GuardianView.tsx,557,button,""
src/pages/GuardianView.tsx,818,a,""
src/pages/GuardianView.tsx,825,button,""
src/pages/GuardianView.tsx,837,a,""
src/pages/Help.tsx,108,button,""
src/pages/Help.tsx,132,button,""
src/pages/InviteAcceptance.tsx,389,button,""
src/pages/InviteAcceptance.tsx,400,button,""
src/pages/Landing.tsx,63,button,""
src/pages/Landing.tsx,74,button,""
src/pages/Landing.tsx,146,button,""
src/pages/Landing.tsx,236,button,""
src/pages/Manual.tsx,569,button,""
src/pages/Manual.tsx,591,input,""
src/pages/Manual.tsx,608,input,""
src/pages/Manual.tsx,625,input,""
src/pages/Manual.tsx,642,input,""
src/pages/Manual.tsx,660,textarea,""
src/pages/Manual.tsx,675,button,""
src/pages/Manual.tsx,683,button,""
src/pages/Manual.tsx,725,button,""
src/pages/Manual.tsx,775,button,""
src/pages/Manual.tsx,784,button,""
src/pages/Manual.tsx,925,textarea,""
src/pages/Manual.tsx,957,textarea,""
src/pages/Manual.tsx,992,textarea,""
src/pages/NotFound.tsx,23,button,""
src/pages/NotFound.tsx,29,button,""
src/pages/NotFound.tsx,30,button,""
src/pages/Pricing.tsx,115,button,""
src/pages/Pricing.tsx,128,button,""
src/pages/Subscription.tsx,160,button,""
src/pages/Subscription.tsx,175,button,""
src/pages/Subscription.tsx,183,button,""
src/pages/Subscription.tsx,197,button,""
src/pages/SubscriptionCancel.tsx,15,button,""
src/pages/SubscriptionSuccess.tsx,17,button,""
src/pages/UploadDemo.tsx,116,button,""
src/pages/UploadDemo.tsx,127,button,""
src/perf/PrefetchLink.tsx,36,a,""